ID	Concept	Concepticon_Gloss	Concepticon_ID	Proto_ID
above	above	ABOVE	1741	§214_oliveiraprotopanoan, 55_girardprototakanan
acompanar	accompany	ACCOMPANY	1542	342_girardprototakanan
achiote	achiote	ACHIOTE	349	§227_oliveiraprotopanoan, 258_girardprototakanan, 67_girardprotopanotakanan
adamsapple	adam's apple	ADAM'S APPLE	802	§457_oliveiraprotopanoan
despues	after	AFTER	1685	396_girardprototakanan
afternoon	afternoon	AFTERNOON	1807	§497_oliveiraprotopanoan
cutiaspeciesofrodent	agouti	AGOUTI	313	§223_oliveiraprotopanoan
alcoholfermenteddrink	alcohol (fermented drink)	ALCOHOL (FERMENTED DRINK)	404	
all	all	ALL	98	
alligator	alligator	ALLIGATOR	1581	270_girardprototakanan
animal	animal	ANIMAL	619	§501_oliveiraprotopanoan
ankle	ankle	ANKLE	803	§345_oliveiraprotopanoan
avisar	announce	ANNOUNCE	9	243_girardprototakanan
ant	ant	ANT	587	163_girardprototakanan, 27_girardprotopanotakanan
anteater	anteater	ANTEATER	181	§392_oliveiraprotopanoan
approach	approach	APPROACH	1778	
arm	arm	ARM	1673	§348_oliveiraprotopanoan, 29_girardprototakanan, 87_girardprotopanotakanan
armpit	armpit	ARMPIT	1886	306_girardprototakanan
arrive	arrive	ARRIVE	1387	§296_oliveiraprotopanoan
arrow	arrow	ARROW	977	§328_oliveiraprotopanoan, 348_girardprototakanan, 84_girardprotopanotakanan
ash	ash	ASH	646	§198_oliveiraprotopanoan, 298_girardprototakanan
tobeashamedtofeelashamed	ashamed	ASHAMED	1894	§353_oliveiraprotopanoan
askinquire	ask (inquire)	ASK (INQUIRE)	1309	§505_oliveiraprotopanoan
askrequest	ask (request)	ASK (REQUEST)	1828	40_girardprototakanan
tia	aunt	AUNT	1272	314_girardprototakanan
autoridad	authority	AUTHORITY	1637	467_girardprototakanan
axe	axe	AXE	677	§495_oliveiraprotopanoan
baby	baby	BABY	1289	
back	back	BACK	1291	§160_oliveiraprotopanoan, 29_girardprototakanan
backpart	back (part)	BACK (PART)	2323	§127_oliveiraprotopanoan
bad	bad	BAD	1292	68_girardprotopanotakanan
bambu	bamboo	BAMBOO	1927	340_girardprototakanan
plantadeplatano	banana tree	BANANA TREE	1795	200_girardprototakanan
bark	bark	BARK	1204	
basket	basket	BASKET	1539	194_girardprototakanan
bat	bat	BAT	1793	§193_oliveiraprotopanoan, 69_girardprototakanan
bathe	bathe	BATHE	138	§262_oliveiraprotopanoan, 305_girardprototakanan
vivo	be alive	BE ALIVE	1422	159_girardprototakanan
beborn	be born	BE BORN	1090	
besilent	be silent	BE SILENT	48	
beard	beard	BEARD	678	§158_oliveiraprotopanoan, 243_girardprototakanan
because	because	BECAUSE	1157	
becomeangry	become angry	BECOME ANGRY	2215	
bee	bee	BEE	665	22_girardprototakanan
beewax	beeswax	BEESWAX	1931	§101_oliveiraprotopanoan
behind	behind	BEHIND	1686	421_girardprototakanan
creer	believe	BELIEVE	1890	210_girardprototakanan
belly	belly	BELLY	1251	256_girardprototakanan, 432_girardprototakanan
beloworunder	below or under	BELOW OR UNDER	1485	§257_oliveiraprotopanoan
belt	belt	BELT	772	
bend	bend	BEND	2004	
between	between	BETWEEN	689	
beverage	beverage	BEVERAGE	731	
big	big	BIG	1202	§12_oliveiraprotopanoan, 2_girardprotopanotakanan, 13_girardprotopanotakanan
bird	bird	BIRD	937	
bite	bite	BITE	1403	§264_oliveiraprotopanoan, 119_girardprototakanan
bitter	bitter	BITTER	887	332_girardprototakanan
black	black	BLACK	163	§488_oliveiraprotopanoan, 499_girardprototakanan
blanket	blanket	BLANKET	806	
blood	blood	BLOOD	946	§140_oliveiraprotopanoan, 11_girardprototakanan, 48_girardprotopanotakanan
bloom	bloom	BLOOM	3287	
blowofwind	blow (of wind)	BLOW (OF WIND)	175	479_girardprototakanan
blowgun	blowgun	BLOWGUN	432	§453_oliveiraprotopanoan
blue	blue	BLUE	837	
azulverde	blue or green	BLUE OR GREEN	2382	494_girardprototakanan
body	body	BODY	1480	254_girardprototakanan
toboil	boil (of liquid)	BOIL (OF LIQUID)	792	§187_oliveiraprotopanoan
boilsomething	boil (something)	BOIL (SOMETHING)	2492	
bone	bone	BONE	1394	§398_oliveiraprotopanoan, 96_girardprototakanan, 93_girardprotopanotakanan, 100_girardprotopanotakanan
bow	bow	BOW	994	§168_oliveiraprotopanoan
boy	boy	BOY	1366	
brain	brain	BRAIN	1583	
branchoftree	branch	BRANCH	1531	§321_oliveiraprotopanoan
ramagajo	branch or twig	BRANCH OR TWIG	3223	484_girardprototakanan
brave	brave	BRAVE	3	§381_oliveiraprotopanoan
cedrelaodorata	brazilian cedar	BRAZILIAN CEDAR	3929	§199_oliveiraprotopanoan
breakdestroyorgetdestroyed	break (destroy or get destroyed)	BREAK (DESTROY OR GET DESTROYED)	680	§452_oliveiraprotopanoan
breast	breast	BREAST	1402	6_girardprototakanan
breastsmilk	breast or milk	BREAST OR MILK	2129	§429_oliveiraprotopanoan
breathe	breathe	BREATHE	1407	§300_oliveiraprotopanoan
bridge	bridge	BRIDGE	1011	§443_oliveiraprotopanoan
bright	bright	BRIGHT	679	
bring	bring	BRING	692	53_girardprototakanan, 24_girardprotopanotakanan
hermano	brother	BROTHER	1262	320_girardprototakanan
cunado	brother-in-law	BROTHER-IN-LAW	2314	178_girardprototakanan
racimo	bunch	BUNCH	1966	142_girardprototakanan
toburn	burn	BURN	2102	§135_oliveiraprotopanoan
burnsomething	burn (something)	BURN (SOMETHING)	141	419_girardprototakanan
burning	burning	BURNING	1428	
bury	bury	BURY	1719	§209a_oliveiraprotopanoan, 327_girardprototakanan
monte	bush	BUSH	1683	218_girardprototakanan
butterfly	butterfly	BUTTERFLY	1791	376_girardprototakanan, 86_girardprotopanotakanan
buttocks	buttocks	BUTTOCKS	834	
buy	buy	BUY	1869	
caiman	caiman	CAIMAN	2438	§170_oliveiraprotopanoan
calf	calf	CALF	1989	§487_oliveiraprotopanoan
call	call	CALL	1084	§151_oliveiraprotopanoan, 173_girardprototakanan
canoe	canoe	CANOE	1970	§294_oliveiraprotopanoan, 231_girardprototakanan
cabybara	capybara	CAPYBARA	314	§3_oliveiraprotopanoan, 504_girardprototakanan
carry	carry	CARRY	700	1_girardprototakanan, 147_girardprototakanan
cassava	cassava	CASSAVA	925	§2_oliveiraprotopanoan, 237_girardprototakanan
cat	cat	CAT	1208	
tocatch	catch	CATCH	702	§87_oliveiraprotopanoan
centro	center	CENTER	491	425_girardprototakanan
centerormiddle	center or middle	CENTER OR MIDDLE	3208	326_girardprototakanan
ciempies	centipede	CENTIPEDE	1974	324_girardprototakanan
chair	chair	CHAIR	1476	
charcoal	charcoal	CHARCOAL	1188	§113_oliveiraprotopanoan
cheek	cheek	CHEEK	1730	§440_oliveiraprotopanoan, 105_girardprotopanotakanan
chest	chest	CHEST	1592	102_girardprototakanan
chew	chew	CHEW	321	
chicken	chicken	CHICKEN	1318	
chieftain	chieftain	CHIEFTAIN	301	
child	child	CHILD	2099	17_girardprotopanotakanan
childyounghuman	child (young human)	CHILD (YOUNG HUMAN)	1304	§59_oliveiraprotopanoan
chilipepper	chili pepper	CHILI PEPPER	919	67_girardprototakanan
chocolate	chocolate	CHOCOLATE	3873	236_girardprototakanan
chonta	chonta palm	CHONTA PALM	440	275_girardprototakanan
choose	choose	CHOOSE	1750	
cicada	cicada	CICADA	2353	§112_oliveiraprotopanoan
claw	claw	CLAW	72	§298_oliveiraprotopanoan
clean	clean	CLEAN	704	
claro	clear	CLEAR	989	229_girardprototakanan
subir	climb	CLIMB	1102	122_girardprototakanan
cloth	cloth	CLOTH	1616	§57_oliveiraprotopanoan
clothes	clothes	CLOTHES	1895	§129_oliveiraprotopanoan, §447_oliveiraprotopanoan
cloud	cloud	CLOUD	1489	
cloudy	cloudy	CLOUDY	2341	
coati	coati (coatimundi)	COATI (COATIMUNDI)	2389	§382_oliveiraprotopanoan
coca	coca	COCA	137	489_girardprototakanan
cold	cold	COLD	1287	§204_oliveiraprotopanoan, 30_girardprototakanan
comb	comb	COMB	1475	
combverb	comb (verb)	COMB (VERB)	2070	
come	come	COME	1446	
comeback	come back	COME BACK	581	
consumir	consume (drink or eat)	CONSUME (DRINK OR EAT)	2787	164_girardprototakanan
cooksomething	cook (something)	COOK (SOMETHING)	1100	
cookingpot	cooking pot	COOKING POT	3653	
copulate	copulate	COPULATE	549	35_girardprotopanotakanan
esquina	corner	CORNER	192	115_girardprototakanan
correctoverdadero	correct (right)	CORRECT (RIGHT)	1725	316_girardprototakanan
cotton	cotton	COTTON	1850	§476_oliveiraprotopanoan, 463_girardprototakanan
cough	cough	COUGH	879	§34_oliveiraprotopanoan, 15_girardprotopanotakanan
cover	cover	COVER	761	§357_oliveiraprotopanoan
cangrejo	crab	CRAB	2348	498_girardprototakanan
tocrawl	crawl	CRAWL	96	§242_oliveiraprotopanoan, 371_girardprototakanan
crawlorcreep	crawl or creep	CRAWL OR CREEP	3456	
grillo	cricket	CRICKET	2354	19_girardprototakanan
crooked	crooked	CROOKED	297	
cry	cry	CRY	1839	§484_oliveiraprotopanoan, 328_girardprototakanan
curassow	curassow	CURASSOW	315	§49_oliveiraprotopanoan, 274_girardprototakanan
cure	cure	CURE	499	
cut	cut	CUT	1432	§393_oliveiraprotopanoan, 379_girardprototakanan, 112_girardprotopanotakanan
tocuthair	cut (with scissors)	CUT (WITH SCISSORS)	2155	§229_oliveiraprotopanoan
dance	dance	DANCE	1879	33_girardprotopanotakanan
dark	dark	DARK	706	
darkness	darkness	DARKNESS	11	
dawn	dawn	DAWN	729	
daynotnight	day (not night)	DAY (NOT NIGHT)	1225	§272_oliveiraprotopanoan
dead	dead	DEAD	1625	
deaf	deaf	DEAF	996	§322_oliveiraprotopanoan
todeceive	deceive	DECEIVE	3230	§316_oliveiraprotopanoan
deep	deep	DEEP	1593	§284_oliveiraprotopanoan, 140_girardprototakanan
deer	deer	DEER	1936	145_girardprototakanan
demon	demon	DEMON	1973	
todesire	desire	DESIRE	2117	§150_oliveiraprotopanoan
dew	dew	DEW	1977	28_girardprototakanan
die	die	DIE	1494	§232_oliveiraprotopanoan, 272_girardprototakanan, 65_girardprotopanotakanan
dig	dig	DIG	1418	
dirty	dirty	DIRTY	1230	26_girardprototakanan
enfermedad	disease	DISEASE	1986	315_girardprototakanan
dive	dive	DIVE	119	
todo	do	DO	813	§466_oliveiraprotopanoan, 1_girardprototakanan
dog	dog	DOG	2009	8_girardprotopanotakanan
door	door	DOOR	1567	97_girardprotopanotakanan
paloma	dove	DOVE	1853	457_girardprototakanan
abajo	down	DOWN	1326	78_girardprototakanan
todrag	drag	DRAG	2030	§278_oliveiraprotopanoan
dream	dream	DREAM	2374	§256_oliveiraprotopanoan
dreamsomething	dream (something)	DREAM (SOMETHING)	1920	
drink	drink	DRINK	1401	161_girardprototakanan
ahogar	drown	DROWN	1904	473_girardprototakanan
drum	drum	DRUM	908	
drunk	drunk	DRUNK	1463	
dry	dry	DRY	1398	299_girardprototakanan
duck	duck	DUCK	1360	§293_oliveiraprotopanoan, 397_girardprototakanan
dust	dust	DUST	2	§347_oliveiraprotopanoan
ear	ear	EAR	1247	156_girardprototakanan
holeofear	earhole	EARHOLE	3891	§310_oliveiraprotopanoan
earornamentearring	earring	EARRING	770	§314_oliveiraprotopanoan
earthsoil	earth (soil)	EARTH (SOIL)	1228	281_girardprototakanan, 63_girardprotopanotakanan
earthworm	earthworm	EARTHWORM	2350	§286_oliveiraprotopanoan
eat	eat	EAT	1336	§326_oliveiraprotopanoan
egg	egg	EGG	744	§63_oliveiraprotopanoan, 199_girardprototakanan
elbow	elbow	ELBOW	981	29_girardprototakanan
embrace	embrace	EMBRACE	928	§18_oliveiraprotopanoan
empty	empty	EMPTY	1624	287_girardprototakanan
enemy	enemy	ENEMY	1358	
enter	enter	ENTER	749	§137_oliveiraprotopanoan, 80_girardprotopanotakanan
evening	evening	EVENING	1629	
extinguish	extinguish	EXTINGUISH	127	§290_oliveiraprotopanoan, 419_girardprototakanan
eye	eye	EYE	1248	§79_oliveiraprotopanoan, 436_girardprototakanan, 102_girardprotopanotakanan
eyebrow	eyebrow	EYEBROW	1173	§82_oliveiraprotopanoan
eyelash	eyelash	EYELASH	1540	
face	face	FACE	1560	§86_oliveiraprotopanoan, 77_girardprototakanan, 25_girardprotopanotakanan
faeces	faeces (excrement)	FAECES (EXCREMENT)	675	§338_oliveiraprotopanoan, 146_girardprototakanan
fall	fall	FALL	1280	§366_oliveiraprotopanoan, 129_girardprototakanan
fanaction	fan (action)	FAN (ACTION)	360	§323_oliveiraprotopanoan
far	far	FAR	1406	
fart	fart	FART	1159	
fast	fast	FAST	1631	
fasten	fasten	FASTEN	1094	
tomakeadiettofast	fasting	FASTING	3331	§376_oliveiraprotopanoan
fat	fat (obese)	FAT (OBESE)	1279	§423_oliveiraprotopanoan
fatorganicsubstance	fat (organic substance)	FAT (ORGANIC SUBSTANCE)	323	§412_oliveiraprotopanoan, 105_girardprototakanan
father	father	FATHER	1217	§315_oliveiraprotopanoan, 410_girardprototakanan
tofeartobeafraid	fear (be afraid)	FEAR (BE AFRAID)	1419	§351_oliveiraprotopanoan
fearfright	fear (fright)	FEAR (FRIGHT)	781	
feather	feather	FEATHER	1201	
dardecomer	feed	FEED	739	294_girardprototakanan
mujerhembra	female	FEMALE	1551	359_girardprototakanan
few	few	FEW	1242	
field	field	FIELD	212	§467_oliveiraprotopanoan
fight	fight	FIGHT	1423	
fill	fill	FILL	2006	387_girardprototakanan
find	find	FIND	719	125_girardprototakanan
finger	finger	FINGER	1303	§243_oliveiraprotopanoan
fingernail	fingernail	FINGERNAIL	1258	§238_oliveiraprotopanoan
una	fingernail or toenail	FINGERNAIL OR TOENAIL	1896	423_girardprototakanan, 28_girardprotopanotakanan
finish	finish	FINISH	1766	§182_oliveiraprotopanoan, 1_girardprototakanan, 427_girardprototakanan
fire	fire	FIRE	221	§124_oliveiraprotopanoan, 419_girardprototakanan, 30_girardprotopanotakanan
firefly	firefly	FIREFLY	206	§190_oliveiraprotopanoan
firewood	firewood	FIREWOOD	10	§172_oliveiraprotopanoan, 229_girardprototakanan
first	first	FIRST	728	244_girardprototakanan
fish	fish	FISH	227	§496_oliveiraprotopanoan, 377_girardprototakanan
barbasco	fish poison	FISH POISON	348	4_girardprototakanan, 3_girardprotopanotakanan
espinas	fishbone	FISHBONE	3799	250_girardprototakanan
fishhook	fishhook	FISHHOOK	1074	§248_oliveiraprotopanoan
puno	fist	FIST	1473	352_girardprototakanan
flat	flat	FLAT	1633	
flee	flee	FLEE	956	
flesh	flesh	FLESH	2259	
carnecuerpo	flesh or meat	FLESH OR MEAT	2615	362_girardprototakanan
float	float	FLOAT	1574	
flour	flour	FLOUR	1594	
flow	flow	FLOW	2003	
flower	flower	FLOWER	239	§297_oliveiraprotopanoan
flute	flute	FLUTE	777	39_girardprotopanotakanan
flyinsect	fly (insect)	FLY (INSECT)	1504	471_girardprototakanan
flymovethroughair	fly (move through air)	FLY (MOVE THROUGH AIR)	1441	§295_oliveiraprotopanoan
foam	foam	FOAM	1768	§60_oliveiraprotopanoan, 443_girardprototakanan
fog	fog	FOG	249	
andar	fold	FOLD	1470	319_girardprototakanan
follow	follow	FOLLOW	1085	
food	food	FOOD	256	§337_oliveiraprotopanoan, 206_girardprototakanan
foot	foot	FOOT	1301	§436_oliveiraprotopanoan, 454_girardprototakanan, 50_girardprotopanotakanan
piepierna	foot or leg	FOOT OR LEG	2098	93_girardprototakanan, 103_girardprotopanotakanan
footprint	footprint	FOOTPRINT	318	
forehead	forehead	FOREHEAD	123	
forest	forest	FOREST	420	§274_oliveiraprotopanoan
forget	forget	FORGET	1523	
friend	friend	FRIEND	1325	21_girardprototakanan
frog	frog	FROG	503	85_girardprototakanan, 469_girardprototakanan
fruit	fruit	FRUIT	1507	§91_oliveiraprotopanoan, 200_girardprototakanan
freir	fry	FRY	991	229_girardprototakanan
full	full	FULL	1429	
fur	fur	FUR	580	§432_oliveiraprotopanoan
basura	garbage	GARBAGE	909	76_girardprototakanan
gather	gather	GATHER	7	§269_oliveiraprotopanoan
genipa	genipa	GENIPA	3920	§259_oliveiraprotopanoan
get	get	GET	694	21_girardprotopanotakanan
getlost	get lost	GET LOST	423	
gettired	get tired	GET TIRED	1996	
togetwetbewet	get wet	GET WET	2324	74_girardprotopanotakanan
ghost	ghost	GHOST	1175	§511_oliveiraprotopanoan
girl	girl	GIRL	1646	
give	give	GIVE	1447	§20_oliveiraprotopanoan, 421_girardprototakanan, 9_girardprotopanotakanan
givebirth	give birth	GIVE BIRTH	1195	
go	go	GO	695	227_girardprototakanan, 58_girardprotopanotakanan
godowndescend	go down (descend)	GO DOWN (DESCEND)	2014	78_girardprototakanan, 26_girardprotopanotakanan
goout	go out	GO OUT	1107	253_girardprototakanan
goupascend	go up (ascend)	GO UP (ASCEND)	705	§18b_oliveiraprotopanoan, §218_oliveiraprotopanoan
good	good	GOOD	1035	§383_oliveiraprotopanoan, 378_girardprototakanan
grano	grain	GRAIN	605	115_girardprototakanan
abuelo	grandfather	GRANDFATHER	1383	33_girardprototakanan
nietanieto	grandson	GRANDSON	1618	441_girardprototakanan
tograspbreak	grasp	GRASP	2021	109_girardprotopanotakanan
grass	grass	GRASS	606	§474_oliveiraprotopanoan
grasshopper	grasshopper	GRASSHOPPER	607	§121_oliveiraprotopanoan
rallarraspar	grate (something)	GRATE (SOMETHING)	3114	369_girardprototakanan
cascajo	gravel	GRAVEL	3028	264_girardprototakanan
green	green	GREEN	1425	82_girardprotopanotakanan, 115_girardprotopanotakanan
gray	grey	GREY	153	56_girardprotopanotakanan
grind	grind	GRIND	1033	§364_oliveiraprotopanoan
groundnut	groundnut (peanut)	GROUNDNUT (PEANUT)	595	§439_oliveiraprotopanoan
grow	grow	GROW	479	§510_oliveiraprotopanoan, 300_girardprototakanan
jacuspeciesofbird	guan	GUAN	437	§149_oliveiraprotopanoan
hair	hair	HAIR	1040	§105_oliveiraprotopanoan, 91_girardprotopanotakanan
hairbody	hair (body)	HAIR (BODY)	189	§358_oliveiraprotopanoan
hairhead	hair (head)	HAIR (HEAD)	2648	88_girardprototakanan
half	half	HALF	816	
hammock	hammock	HAMMOCK	2019	
hand	hand	HAND	1277	§239_oliveiraprotopanoan, 282_girardprototakanan, 70_girardprotopanotakanan
colgar	hang up	HANG UP	357	36_girardprototakanan
felizalegrecontento	happy	HAPPY	1495	57_girardprototakanan
hard	hard	HARD	1884	§178_oliveiraprotopanoan
sombrero	hat	HAT	771	303_girardprototakanan
hawk	hawk	HAWK	307	
he	he	HE	1211	§42_oliveiraprotopanoan
3rdpersonpronoun	he or she or it	HE OR SHE OR IT	262	45_girardprotopanotakanan
head	head	HEAD	1256	§108_oliveiraprotopanoan, 94_girardprototakanan
headbelthat	headgear	HEADGEAR	2130	§209_oliveiraprotopanoan
tipheadwatersofriver	headwaters	HEADWATERS	2672	§361_oliveiraprotopanoan
hear	hear	HEAR	1408	§147_oliveiraprotopanoan, §277_oliveiraprotopanoan
heart	heart	HEART	1223	§301_oliveiraprotopanoan
heavy	heavy	HEAVY	1210	§29_oliveiraprotopanoan, 68_girardprototakanan
heel	heel	HEEL	980	
help	help	HELP	1897	97_girardprototakanan
here	here	HERE	136	
garza	heron	HERON	758	367_girardprototakanan
hiccoughtohiccup	hiccough	HICCOUGH	162	§111_oliveiraprotopanoan, 118_girardprototakanan
hideconceal	hide (conceal)	HIDE (CONCEAL)	602	§302_oliveiraprotopanoan
esconderse	hide (oneself)	HIDE (ONESELF)	2485	417_girardprototakanan
highortall	high or tall	HIGH OR TALL	2790	
hill	hill	HILL	614	§202_oliveiraprotopanoan, 62_girardprotopanotakanan
hisherofhimofher	his or her	HIS OR HER	2092	§54_oliveiraprotopanoan
hit	hit	HIT	1433	§459_oliveiraprotopanoan, 177_girardprototakanan
hole	hole	HOLE	1667	§184_oliveiraprotopanoan, 54_girardprotopanotakanan
honey	honey	HONEY	942	
gancho	hook	HOOK	1071	107_girardprototakanan
hornanatomy	horn (anatomy)	HORN (ANATOMY)	1393	§230_oliveiraprotopanoan, 131_girardprototakanan
hot	hot	HOT	1286	§396_oliveiraprotopanoan, 229_girardprototakanan
house	house	HOUSE	1252	§424_oliveiraprotopanoan, 404_girardprototakanan
how	how	HOW	1239	
guaribaspeciesofmonkeyhowlermonkey	howler monkey	HOWLER MONKEY	433	§372_oliveiraprotopanoan
hummingbird	hummingbird	HUMMINGBIRD	1589	§330_oliveiraprotopanoan, 233_girardprototakanan
hunger	hunger	HUNGER	1864	
hunt	hunt	HUNT	1435	
husband	husband	HUSBAND	1200	25_girardprototakanan
i	i	I	1209	§11_oliveiraprotopanoan, 11_girardprotopanotakanan
iguana	iguana	IGUANA	1578	351_girardprototakanan
adentroen	in	IN	1460	140_girardprototakanan
increase	increase	INCREASE	1041	
insect	insect	INSECT	620	§106_oliveiraprotopanoan
inside	inside	INSIDE	1606	§261_oliveiraprotopanoan
intestines	intestines	INTESTINES	1991	90_girardprotopanotakanan
isla	island	ISLAND	622	492_girardprototakanan
itchtoitch	itch	ITCH	148	§422_oliveiraprotopanoan
tigre	jaguar	JAGUAR	1250	152_girardprototakanan
jaw	jaw	JAW	798	§188_oliveiraprotopanoan, 184_girardprototakanan
join	join	JOIN	1743	501_girardprototakanan
jump	jump	JUMP	1829	
mapajo	kapok tree	KAPOK TREE	2499	92_girardprotopanotakanan
kidney	kidney	KIDNEY	489	331_girardprototakanan
kill	kill	KILL	1417	§360_oliveiraprotopanoan
knee	knee	KNEE	1371	§354_oliveiraprotopanoan, §359_oliveiraprotopanoan, 37_girardprotopanotakanan
kneel	kneel	KNEEL	66	
knowsomething	know (something)	KNOW (SOMETHING)	1410	27_girardprototakanan
lake	lake	LAKE	624	§14_oliveiraprotopanoan, 28_girardprototakanan, 19_girardprotopanotakanan
language	language	LANGUAGE	1307	
laugh	laugh	LAUGH	1355	§37_oliveiraprotopanoan, 90_girardprototakanan
lazy	lazy	LAZY	1564	
leaf	leaf	LEAF	628	
tolearn	learn	LEARN	504	§35_oliveiraprotopanoan
skinleather	leather or hide	LEATHER OR HIDE	3326	§88_oliveiraprotopanoan
leave	leave	LEAVE	1752	§133_oliveiraprotopanoan
left	left	LEFT	244	
leg	leg	LEG	1297	398_girardprototakanan
lick	lick	LICK	319	106_girardprototakanan
liemislead	lie (mislead)	LIE (MISLEAD)	601	§119_oliveiraprotopanoan
liedown	lie down	LIE DOWN	215	§356_oliveiraprotopanoan, 374_girardprototakanan
lift	lift	LIFT	501	
lightignite	light (ignite)	LIGHT (IGNITE)	737	433_girardprototakanan
lightradiation	light (radiation)	LIGHT (RADIATION)	630	444_girardprototakanan
lightweight	light (weight)	LIGHT (WEIGHT)	1052	
lightning	lightning	LIGHTNING	1654	§167_oliveiraprotopanoan
lip	lip	LIP	478	§157_oliveiraprotopanoan
liquidwater	liquid	LIQUID	58	§131_oliveiraprotopanoan
liver	liver	LIVER	1224	§438_oliveiraprotopanoan, 403_girardprototakanan, 104_girardprotopanotakanan
lizard	lizard	LIZARD	632	47_girardprototakanan
long	long	LONG	1203	31_girardprototakanan
look	look	LOOK	1819	§33_oliveiraprotopanoan
lookfor	look for	LOOK FOR	1468	
louse	louse	LOUSE	1392	§13_oliveiraprotopanoan, 63_girardprototakanan
love	love	LOVE	923	§289_oliveiraprotopanoan
lowerpartofleg	lower leg	LOWER LEG	447	§481_oliveiraprotopanoan
lung	lung	LUNG	688	
macaw	macaw	MACAW	1630	52_girardprotopanotakanan
maize	maize	MAIZE	506	§409_oliveiraprotopanoan, 191_girardprototakanan, 116_girardprotopanotakanan
domake	make	MAKE	734	1_girardprotopanotakanan
todry	make dry	MAKE DRY	2015	73_girardprotopanotakanan
man	male person	MALE PERSON	2106	§77_oliveiraprotopanoan
man	man	MAN	1554	135_girardprototakanan
many	many	MANY	1198	§27_oliveiraprotopanoan
marry	marry	MARRY	203	
mat	mat	MAT	195	§335_oliveiraprotopanoan
maternalaunt	maternal aunt (mother's sister)	MATERNAL AUNT (MOTHER'S SISTER)	2693	§189_oliveiraprotopanoan
maternaluncle	maternal uncle (mother's brother)	MATERNAL UNCLE (MOTHER'S BROTHER)	2692	§191_oliveiraprotopanoan
meat	meat	MEAT	634	§258_oliveiraprotopanoan, 78_girardprotopanotakanan
medicine	medicine	MEDICINE	1372	§350_oliveiraprotopanoan, 154_girardprototakanan
meet	meet	MEET	1831	§241_oliveiraprotopanoan
menstruate	menstruate	MENSTRUATE	2827	
metal	metal	METAL	2244	§215_oliveiraprotopanoan
mightyorpowerfulorstrong	mighty or powerful or strong	MIGHTY OR POWERFUL OR STRONG	3188	
milk	milk	MILK	635	
miritipalm	miriti palm	MIRITI PALM	3811	§93_oliveiraprotopanoan
tofeellonging	miss (somebody)	MISS (SOMEBODY)	2328	§217_oliveiraprotopanoan
mix	mix	MIX	2017	452_girardprototakanan
muela	molar tooth	MOLAR TOOTH	1049	1_girardprototakanan
monkey	monkey	MONKEY	1350	38_girardprotopanotakanan
moon	moon	MOON	1313	§39_oliveiraprotopanoan, 37_girardprototakanan
morning	morning	MORNING	1339	
choppermortar	mortar	MORTAR	224	66_girardprotopanotakanan
mosquito	mosquito	MOSQUITO	1509	§90_oliveiraprotopanoan, 137_girardprototakanan
mother	mother	MOTHER	1216	228_girardprototakanan, 269_girardprototakanan, 12_girardprotopanotakanan
mountain	mountain	MOUNTAIN	639	278_girardprototakanan
mouse	mouse	MOUSE	1491	
mouth	mouth	MOUTH	674	232_girardprototakanan, 59_girardprotopanotakanan
move	move	MOVE	765	
mud	mud	MUD	640	
rataraton	muroid (mouse or rat)	MUROID (MOUSE OR RAT)	2139	393_girardprototakanan
hongo	mushroom	MUSHROOM	641	390_girardprototakanan
mute	mute	MUTE	1666	
naked	naked	NAKED	590	
name	name	NAME	1405	§48_oliveiraprotopanoan, 41_girardprototakanan
narrow	narrow	NARROW	1267	
nasalmucussnot	nasal mucus (snot)	NASAL MUCUS (SNOT)	208	
navel	navel	NAVEL	1838	126_girardprototakanan
near	near	NEAR	1942	
neck	neck	NECK	1333	§455_oliveiraprotopanoan, 307_girardprototakanan, 349_girardprototakanan
necklace	necklace	NECKLACE	1961	168_girardprototakanan
needleforsewing	needle (for sewing)	NEEDLE (FOR SEWING)	1382	§421_oliveiraprotopanoan
nephew	nephew	NEPHEW	1063	§327_oliveiraprotopanoan, 79_girardprototakanan, 441_girardprototakanan
nest	nest	NEST	539	§251_oliveiraprotopanoan
new	new	NEW	1231	§71_oliveiraprotopanoan
night	night	NIGHT	1233	502_girardprototakanan, 71_girardprotopanotakanan, 94_girardprotopanotakanan
no	no	NO	1269	
nose	nose	NOSE	1221	472_girardprototakanan
noseholenostril	nostril	NOSTRIL	1178	§363_oliveiraprotopanoan
not	not	NOT	1240	
now	now	NOW	1376	§349_oliveiraprotopanoan
oar	oar	OAR	3137	§483b_oliveiraprotopanoan
obscuro	obscure	OBSCURE	1764	16_girardprototakanan
smell	odor (smell)	ODOR (SMELL)	3704	§482_oliveiraprotopanoan, §332_oliveiraprotopanoan
old	old	OLD	1229	§413_oliveiraprotopanoan, 60_girardprototakanan, 114_girardprotopanotakanan
oldman	old man	OLD MAN	406	
oldwoman	old woman	OLD WOMAN	907	
olderbrother	older brother	OLDER BROTHER	1759	441_girardprototakanan
oldersister	older sister	OLDER SISTER	1758	
one	one	ONE	1493	§480_oliveiraprotopanoan, 338_girardprototakanan
only	only	ONLY	1580	
open	open	OPEN	1156	186_girardprototakanan
orphan	orphan	ORPHAN	1149	
other	other	OTHER	197	§479_oliveiraprotopanoan
otter	otter	OTTER	15	§132_oliveiraprotopanoan, 242_girardprototakanan
outside	outside	OUTSIDE	762	
owl	owl	OWL	735	85_girardprotopanotakanan
owner	owner	OWNER	1036	§15_oliveiraprotopanoan, 285_girardprototakanan
pain	pain	PAIN	1783	
par	pair	PAIR	1888	77_girardprototakanan
palmofhand	palm of hand	PALM OF HAND	1183	
palmera	palm tree	PALM TREE	1181	112_girardprototakanan
parakeet	parakeet	PARAKEET	886	§329_oliveiraprotopanoan
parrot	parrot	PARROT	882	§67_oliveiraprotopanoan, 224_girardprototakanan, 435_girardprototakanan
perdiz	partridge	PARTRIDGE	3681	82_girardprototakanan
topassby	pass by	PASS BY	558	§486_oliveiraprotopanoan
path	path	PATH	2252	§55_oliveiraprotopanoan, 138_girardprototakanan
peachpalm	peach palm	PEACH PALM	3919	§470_oliveiraprotopanoan
mani	peanut	PEANUT	2364	200_girardprototakanan
peel	peel	PEEL	275	§425_oliveiraprotopanoan, 353_girardprototakanan
penis	penis	PENIS	1222	251_girardprototakanan
person	person	PERSON	683	§303_oliveiraprotopanoan
sudorsudar	perspire or sweat	PERSPIRE OR SWEAT	2458	470_girardprototakanan
persuadir	persuade	PERSUADE	3645	1_girardprototakanan
pickup	pick up	PICK UP	371	288_girardprototakanan
pieceshard	piece	PIECE	594	§179_oliveiraprotopanoan
pig	pig	PIG	1337	
pileup	pile up	PILE UP	1576	
pinch	pinch	PINCH	378	
pineapple	pineapple	PINEAPPLE	2440	§163_oliveiraprotopanoan, 51_girardprotopanotakanan
piss	piss	PISS	592	
plain	plain	PLAIN	652	5_girardprototakanan
plantsomething	plant (something)	PLANT (SOMETHING)	1486	§61_oliveiraprotopanoan, 18_girardprotopanotakanan
plato	plate	PLATE	480	496_girardprototakanan
play	play	PLAY	1413	
puercoespin	porcupine	PORCUPINE	2510	155_girardprototakanan, 6_girardprotopanotakanan
potato	potato	POTATO	593	
pound	pound	POUND	354	40_girardprotopanotakanan
press	press	PRESS	1913	
pull	pull	PULL	1455	372_girardprototakanan
pumpkin	pumpkin	PUMPKIN	864	
castigar	punish	PUNISH	3649	259_girardprototakanan
pursue	pursue	PURSUE	1047	
pus	pus	PUS	1808	§196_oliveiraprotopanoan
push	push	PUSH	1452	321_girardprototakanan
put	put	PUT	998	73_girardprototakanan, 175_girardprototakanan, 459_girardprototakanan
conejo	rabbit	RABBIT	1136	458_girardprototakanan
balsa	raft	RAFT	1664	65_girardprototakanan
rainprecipitation	rain (precipitation)	RAIN (PRECIPITATION)	658	§32_oliveiraprotopanoan, 305_girardprototakanan
rainbow	rainbow	RAINBOW	1733	§266_oliveiraprotopanoan
rat	rat	RAT	1490	§435_oliveiraprotopanoan
cascabel	rattlesnake	RATTLESNAKE	871	141_girardprototakanan
barranco	ravine	RAVINE	1930	243_girardprototakanan
raw	raw	RAW	1959	
red	red	RED	156	§305_oliveiraprotopanoan
jabuti	red-footed tortoise	RED-FOOTED TORTOISE	3949	§403_oliveiraprotopanoan
chuchiocharocanabrava	reed	REED	659	87_girardprototakanan, 411_girardprototakanan
relatives	relatives	RELATIVES	1644	§161_oliveiraprotopanoan, 139_girardprototakanan
remember	remember	REMEMBER	707	
resina	resin	RESIN	664	262_girardprototakanan
rest	rest	REST	168	205_girardprototakanan
rib	rib	RIB	801	
right	right	RIGHT	1019	
righthand	right hand	RIGHT HAND	2183	§240_oliveiraprotopanoan
ring	ring	RING	1374	406_girardprototakanan
ripe	ripe	RIPE	178	
river	river	RIVER	666	§317_oliveiraprotopanoan, 246_girardprototakanan
toroast	roast (something)	ROAST (SOMETHING)	1962	§420_oliveiraprotopanoan, 229_girardprototakanan
roll	roll	ROLL	827	106_girardprotopanotakanan
roof	roof	ROOF	769	§417_oliveiraprotopanoan, 203_girardprototakanan
root	root	ROOT	670	§444_oliveiraprotopanoan, 426_girardprototakanan
rope	rope	ROPE	1218	
pudrirse	rot	ROT	2907	174_girardprototakanan, 373_girardprototakanan
rotten	rotten	ROTTEN	1728	§324_oliveiraprotopanoan
rough	rough	ROUGH	1923	
round	round	ROUND	1395	111_girardprotopanotakanan
torow	row	ROW	1849	§483a_oliveiraprotopanoan, 107_girardprotopanotakanan
rub	rub	RUB	1449	
run	run	RUN	1519	§446_oliveiraprotopanoan
salt	salt	SALT	1274	§449_oliveiraprotopanoan, 48_girardprototakanan
sameofthesamewayalso	same	SAME	200	§368_oliveiraprotopanoan
sand	sand	SAND	671	§225_oliveiraprotopanoan
say	say	SAY	1458	§500_oliveiraprotopanoan
cicatriz	scar	SCAR	497	192_girardprototakanan
alacran	scorpion	SCORPION	1538	20_girardprototakanan
scrape	scrape	SCRAPE	1767	134_girardprototakanan
see	see	SEE	1409	§142_oliveiraprotopanoan, 27_girardprototakanan
seed	seed	SEED	714	§136_oliveiraprotopanoan
seize	seize	SEIZE	855	§116_oliveiraprotopanoan, 166_girardprototakanan
sell	sell	SELL	1571	170_girardprototakanan
send	send	SEND	1127	
separate	separate	SEPARATE	1359	
sew	sew	SEW	1457	§176_oliveiraprotopanoan
shade	shade	SHADE	1388	§40_oliveiraprotopanoan
shake	shake	SHAKE	1909	
verguenza	shame	SHAME	1776	75_girardprototakanan
sharp	sharp	SHARP	1396	239_girardprototakanan, 60_girardprotopanotakanan
sharpensomething	sharpen (something)	SHARPEN (SOMETHING)	251	
concha	shell	SHELL	598	189_girardprototakanan
shine	shine	SHINE	708	
shitdefecate	shit (defecate)	SHIT (DEFECATE)	676	495_girardprototakanan
shiver	shiver	SHIVER	52	
shoot	shoot	SHOOT	1172	
orilla	shore	SHORE	113	91_girardprototakanan
short	short	SHORT	1645	
shotgun	shotgun	SHOTGUN	3948	§460_oliveiraprotopanoan
shoulder	shoulder	SHOULDER	1482	18_girardprototakanan
shout	shout	SHOUT	715	100_girardprototakanan
mostrar	show	SHOW	1039	27_girardprototakanan
shrimp	shrimp	SHRIMP	2349	§219_oliveiraprotopanoan
shut	shut	SHUT	1046	416_girardprototakanan
sick	sick	SICK	1847	
side	side	SIDE	682	
silencio	silence	SILENCE	3458	402_girardprototakanan
parecido	similar	SIMILAR	1558	27_girardprototakanan
sing	sing	SING	1261	
sit	sit	SIT	1416	§109_oliveiraprotopanoan
sitdown	sit down	SIT DOWN	1649	
skin	skin	SKIN	763	72_girardprototakanan, 22_girardprotopanotakanan
sky	sky	SKY	1732	§253_oliveiraprotopanoan, 31_girardprototakanan
sleep	sleep	SLEEP	1585	§38_oliveiraprotopanoan, 412_girardprototakanan
slip	slip	SLIP	1324	
small	small	SMALL	1246	§427_oliveiraprotopanoan, 456_girardprototakanan
oler	smell	SMELL	2124	193_girardprototakanan
smellperceive	smell (perceive)	SMELL (PERCEIVE)	1586	§416_oliveiraprotopanoan
smellstink	smell (stink)	SMELL (STINK)	1587	
smokeexhaust	smoke (exhaust)	SMOKE (EXHAUST)	778	461_girardprototakanan
smokeinhale	smoke (inhale)	SMOKE (INHALE)	1689	
smooth	smooth	SMOOTH	1234	
snail	snail	SNAIL	1543	
snake	snake	SNAKE	730	§375_oliveiraprotopanoan, 43_girardprototakanan, 41_girardprotopanotakanan
sneeze	sneeze	SNEEZE	1621	
snore	snore	SNORE	1983	
soft	soft	SOFT	1856	356_girardprototakanan
some	some	SOME	1241	
hijo	son	SON	1620	44_girardprototakanan
sorcerer	sorcerer	SORCERER	823	§503_oliveiraprotopanoan
soul	soul	SOUL	811	
soupbroth	soup	SOUP	1547	§85_oliveiraprotopanoan
sour	sour	SOUR	1906	
sembrar	sow seeds	SOW SEEDS	748	45_girardprototakanan
speak	speak	SPEAK	1623	
spider	spider	SPIDER	843	190_girardprototakanan
spiderweb	spider web	SPIDER WEB	1065	§475_oliveiraprotopanoan
espiga	spike	SPIKE	1249	487_girardprototakanan
spin	spin	SPIN	121	39_girardprototakanan
demonspirit	spirit	SPIRIT	53	113_girardprotopanotakanan
spit	spit	SPIT	1440	
split	split	SPLIT	1437	
spreadout	spread out	SPREAD OUT	38	345_girardprototakanan
springorwell	spring or well	SPRING OR WELL	2144	
sprout	sprout (shoot)	SPROUT (SHOOT)	3358	§454_oliveiraprotopanoan
squeeze	squeeze	SQUEEZE	1414	372_girardprototakanan
squirrel	squirrel	SQUIRREL	1628	§169_oliveiraprotopanoan, 133_girardprototakanan
stand	stand	STAND	1442	§273_oliveiraprotopanoan, 76_girardprotopanotakanan
star	star	STAR	1430	§489_oliveiraprotopanoan
steal	steal	STEAL	713	§508_oliveiraprotopanoan, 111_girardprototakanan
tostep	step (verb)	STEP (VERB)	2065	§45_oliveiraprotopanoan
palo	stick	STICK	1295	128_girardprototakanan
stingray	stingray	STINGRAY	1910	§30_oliveiraprotopanoan
stinking	stinking	STINKING	42	
stomach	stomach	STOMACH	819	
stone	stone	STONE	857	§226_oliveiraprotopanoan, §400_oliveiraprotopanoan, 438_girardprototakanan
straight	straight	STRAIGHT	1404	
stretch	stretch	STRETCH	214	
golpear	strike	STRIKE	353	333_girardprototakanan
suck	suck	SUCK	1421	§41_oliveiraprotopanoan, 36_girardprotopanotakanan
sucklebreastfeednurse	suckle (breastfeed, nurse)	SUCKLE (BREASTFEED, NURSE)	2472	
suffer	suffer	SUFFER	1101	10_girardprotopanotakanan
sugarcane	sugar cane	SUGAR CANE	146	§404_oliveiraprotopanoan, 108_girardprotopanotakanan
summer	summer	SUMMER	1342	
sun	sun	SUN	1343	§62_oliveiraprotopanoan, 160_girardprototakanan, 16_girardprotopanotakanan
swallow	swallow	SWALLOW	897	§405_oliveiraprotopanoan, 34_girardprotopanotakanan
tosweat	sweat (perspire)	SWEAT (PERSPIRE)	126	§279_oliveiraprotopanoan
tosweep	sweep	SWEEP	230	§205_oliveiraprotopanoan, 180_girardprototakanan
sweet	sweet	SWEET	717	§65_oliveiraprotopanoan, 71_girardprototakanan, 20_girardprotopanotakanan
sweetpotatoyam	sweet potato	SWEET POTATO	159	
hinchar	swell	SWELL	1573	301_girardprototakanan, 188_girardprototakanan
swiddenfieldforagriculture	swidden field	SWIDDEN FIELD	429	§58_oliveiraprotopanoan
swim	swim	SWIM	1439	§292_oliveiraprotopanoan, 54_girardprototakanan
tail	tail	TAIL	1220	§141_oliveiraprotopanoan, 172_girardprototakanan
tastydelicious	tasty	TASTY	1813	§288_oliveiraprotopanoan, 77_girardprotopanotakanan
tatu	tattoo	TATTOO	68	117_girardprototakanan
tearofeye	tear (of eye)	TEAR (OF EYE)	1651	§73_oliveiraprotopanoan
tearshred	tear (shred)	TEAR (SHRED)	1735	
tell	tell	TELL	1711	69_girardprotopanotakanan
termite	termite	TERMITE	883	§255_oliveiraprotopanoan
testicles	testicles	TESTICLES	797	
there	there	THERE	1937	
they	they	THEY	817	
thick	thick	THICK	1244	§180_oliveiraprotopanoan
thinfine	thin	THIN	2308	§84_oliveiraprotopanoan
delgado	thin (slim)	THIN (SLIM)	1400	239_girardprototakanan
thing	thing	THING	738	3_girardprototakanan
tothink	think	THINK	2271	§387_oliveiraprotopanoan
thinkreflect	think (reflect)	THINK (REFLECT)	1415	
thorn	thorn	THORN	124	§250_oliveiraprotopanoan
thou	thou	THOU	1215	§245_oliveiraprotopanoan, 72_girardprotopanotakanan
thread	thread	THREAD	1161	§371_oliveiraprotopanoan
three	three	THREE	492	
desgranar	thresh	THRESH	285	171_girardprototakanan
throat	throat	THROAT	1346	307_girardprototakanan
throw	throw	THROW	1456	50_girardprototakanan, 195_girardprototakanan
thunder	thunder	THUNDER	1150	
tie	tie	TIE	1917	§270_oliveiraprotopanoan, 372_girardprototakanan, 89_girardprotopanotakanan
tinamou	tinamou	TINAMOU	3921	§194_oliveiraprotopanoan
tipendpoint	tip (of object)	TIP (OF OBJECT)	2992	§155_oliveiraprotopanoan
tobacco	tobacco	TOBACCO	974	§374_oliveiraprotopanoan, 446_girardprototakanan
tomorrow	tomorrow	TOMORROW	1329	
tongue	tongue	TONGUE	1205	§46_oliveiraprotopanoan, 12_girardprototakanan, 46_girardprotopanotakanan
tooth	tooth	TOOTH	1380	98_girardprototakanan, 96_girardprotopanotakanan
tucan	toucan	TOUCAN	308	120_girardprototakanan, 83_girardprotopanotakanan
touch	touch	TOUCH	1892	§235_oliveiraprotopanoan
citysettlement	town	TOWN	1391	§492_oliveiraprotopanoan
townorvillage	town or village	TOWN OR VILLAGE	3609	
trapcatch	trap (catch)	TRAP (CATCH)	1170	
trappitfall	trap (pitfall)	TRAP (PITFALL)	1075	
tree	tree	TREE	906	8_girardprototakanan, 47_girardprotopanotakanan
treestump	tree stump	TREE STUMP	241	§99_oliveiraprotopanoan
true	true	TRUE	1657	
totry	try	TRY	1812	§441_oliveiraprotopanoan
caerse	tumble (fall down)	TUMBLE (FALL DOWN)	2894	448_girardprototakanan
pavo	turkey	TURKEY	2386	413_girardprototakanan
turnaround	turn around	TURN AROUND	1444	
turtle	turtle	TURTLE	112	
totwisttoturntomoveincircles	twist (around)	TWIST (AROUND)	3199	§234_oliveiraprotopanoan
two	two	TWO	1498	§352_oliveiraprotopanoan, 61_girardprototakanan
tio	uncle	UNCLE	1327	220_girardprototakanan, 55_girardprotopanotakanan
unripe	unripe	UNRIPE	1958	§430_oliveiraprotopanoan
untie	untie	UNTIE	352	350_girardprototakanan
up	up	UP	1591	
upperlegthigh	upper leg (thigh)	UPPER LEG (THIGH)	471	§185_oliveiraprotopanoan
orina	urine	URINE	1142	477_girardprototakanan
vagina	vagina	VAGINA	1836	
vein	vein	VEIN	1924	§342_oliveiraprotopanoan
pueblo	village	VILLAGE	930	222_girardprototakanan
voice	voice	VOICE	1363	§299_oliveiraprotopanoan, 124_girardprototakanan
vomit	vomit	VOMIT	1278	§47_oliveiraprotopanoan
vulture	vulture	VULTURE	1185	§415_oliveiraprotopanoan
vulva	vulva	VULVA	1837	
cintura	waist	WAIST	1681	424_girardprototakanan
waitfor	wait (for)	WAIT (FOR)	1590	§213_oliveiraprotopanoan, 162_girardprototakanan
wakeup	wake up	WAKE UP	1602	
wakeupsomeone	wake up (someone)	WAKE UP (SOMEONE)	3174	
walk	walk	WALK	1443	
want	want	WANT	1784	§173_oliveiraprotopanoan, 57_girardprototakanan
warm	warm	WARM	1232	7_girardprotopanotakanan
wart	wart	WART	2665	§465_oliveiraprotopanoan
wash	wash	WASH	1453	§128_oliveiraprotopanoan, §307_oliveiraprotopanoan, 181_girardprototakanan
wasp	wasp	WASP	1517	23_girardprotopanotakanan
water	water	WATER	948	451_girardprototakanan, 75_girardprotopanotakanan
aguado	watery	WATERY	3545	305_girardprototakanan
wave	wave	WAVE	978	§74_oliveiraprotopanoan
cera	wax	WAX	3942	476_girardprototakanan
we	we	WE	1212	§283_oliveiraprotopanoan, 151_girardprototakanan
arma	weapons	WEAPONS	951	284_girardprototakanan
towearclothes	wear	WEAR	976	§380_oliveiraprotopanoan, 480_girardprototakanan
weave	weave	WEAVE	133	110_girardprototakanan
pesar	weigh	WEIGH	1098	440_girardprototakanan
pozo	well	WELL	954	207_girardprototakanan
wet	wet	WET	1726	305_girardprototakanan, 29_girardprotopanotakanan
what	what	WHAT	1236	§53_oliveiraprotopanoan, 3_girardprototakanan
when	when	WHEN	1238	
where	where	WHERE	1237	
towhisper	whisper	WHISPER	55	§64_oliveiraprotopanoan
whistle	whistle	WHISTLE	1025	445_girardprototakanan
white	white	WHITE	1335	§306_oliveiraprotopanoan, 335_girardprototakanan, 49_girardprotopanotakanan
who	who	WHO	1235	§115_oliveiraprotopanoan, 3_girardprototakanan
wide	wide	WIDE	1243	§263_oliveiraprotopanoan
wife	wife	WIFE	1199	
wind	wind	WIND	960	§282_oliveiraprotopanoan, 52_girardprototakanan
wing	wing	WING	1257	306_girardprototakanan
withinpossessionof	with	WITH	1340	§490_oliveiraprotopanoan, 325_girardprototakanan
woman	woman	WOMAN	962	14_girardprototakanan, 5_girardprotopanotakanan
wood	wood	WOOD	1803	
workactivity	work (activity)	WORK (ACTIVITY)	1086	
mundo	world	WORLD	965	23_girardprototakanan
worm	worm	WORM	1219	104_girardprototakanan, 439_girardprototakanan, 98_girardprotopanotakanan
wound	wound	WOUND	1109	
envolver	wrap	WRAP	1113	140_girardprototakanan
wrinkled	wrinkled	WRINKLED	380	
write	write	WRITE	1672	
yam	yam	YAM	410	§171_oliveiraprotopanoan
toyawn	yawn	YAWN	1028	§394_oliveiraprotopanoan
year	year	YEAR	1226	
yellow	yellow	YELLOW	1424	§319_oliveiraprotopanoan
yes	yes	YES	1268	150_girardprototakanan
yesterday	yesterday	YESTERDAY	1174	
you	you	YOU	1213	§246a_oliveiraprotopanoan, 292_girardprototakanan
young	young	YOUNG	1207	
youngman	young man	YOUNG MAN	76	
youngwoman	young woman	YOUNG WOMAN	77	§434_oliveiraprotopanoan
youngerbrother	younger brother	YOUNGER BROTHER	1760	178_girardprototakanan
youngersister	younger sister	YOUNGER SISTER	1761	178_girardprototakanan
tomaketokill	to make, to kill			§1_oliveiraprotopanoan
cutiaspeciesofrodent	cutia (species of rodent)			§223_oliveiraprotopanoan
intransitivesuffixofconcordance	intransitive suffix of concordance			§6_oliveiraprotopanoan
typeofvenom	type of venom			§7_oliveiraprotopanoan
tapir	tapir			§8_oliveiraprotopanoan, 24_girardprototakanan, 4_girardprotopanotakanan
womanwife	woman, wife			§9a_oliveiraprotopanoan
todevour	to devour			§10_oliveiraprotopanoan
speciesofbird	species of bird			§271_oliveiraprotopanoan
hotheat	hot, heat			§17_oliveiraprotopanoan
keepholdinginarms	keep holding in arms			§18a_oliveiraprotopanoan
breedingdomesticanimal	breeding, domestic animal			§19_oliveiraprotopanoan
speciesofjaguar	species of jaguar			§21_oliveiraprotopanoan
speciesoffishloricariidae	species of fish (loricariidae)			§22_oliveiraprotopanoan
paintohurt	pain, to hurt			§23_oliveiraprotopanoan
japubirdoffamicteridae	japu (bird of fam. icteridae)			§24_oliveiraprotopanoan
blackmonkey	black monkey			§25_oliveiraprotopanoan
uruburei	urubu rei			§28_oliveiraprotopanoan
speciesoftick	species of tick			§491_oliveiraprotopanoan
freshwater	fresh water			§36_oliveiraprotopanoan
speciesofheron	species of heron			§89_oliveiraprotopanoan
opening	opening			§50_oliveiraprotopanoan
thatmuch	that much			§51_oliveiraprotopanoan
thirdpersonplural	third person plural			§52_oliveiraprotopanoan
nightdark	night, dark			§56_oliveiraprotopanoan
speciesoffish	species of fish			§506_oliveiraprotopanoan
speciesoffishpimelididae	species of fish (pimelididae)			§100_oliveiraprotopanoan
tobringtosearch	to bring, to search			§69_oliveiraprotopanoan
comitative	comitative			§70_oliveiraprotopanoan
toforgettolose	to forget, to lose			§72_oliveiraprotopanoan
foreheadface	forehead, face			§75_oliveiraprotopanoan
husbandman	husband, man			§76_oliveiraprotopanoan
speciesoftreephyllanthaceae	species of tree (phyllanthaceae)			§78_oliveiraprotopanoan
speciesoffrog	species of frog			§83_oliveiraprotopanoan
speciesofcobra	species of cobra			§333_oliveiraprotopanoan
guava	guava			§94_oliveiraprotopanoan, 83_girardprototakanan
pluralizer	pluralizer			§95_oliveiraprotopanoan
speciesofpicapaupicidae	species of picapau (picidae)			§96_oliveiraprotopanoan
typeofbox	type of box			§97_oliveiraprotopanoan
speciesofpalm	species of palm			§442_oliveiraprotopanoan
speciesoftree	species of tree			§411_oliveiraprotopanoan
speciesoftreewithspecialuseofbark	species of tree with special use of bark			§103_oliveiraprotopanoan
speciesofbee	species of bee			§104_oliveiraprotopanoan
speciesofotter	species of otter			§107_oliveiraprotopanoan
amber	amber			§114_oliveiraprotopanoan
pokepierceinjectdrill	poke, pierce, inject, drill			§117_oliveiraprotopanoan
kneadhitstrike	knead, hit, strike			§118_oliveiraprotopanoan
speciesofmollusc	species of mollusc			§120_oliveiraprotopanoan
martimpescardor	martim pescardor			§122_oliveiraprotopanoan
speciesofdeer	species of deer			§123_oliveiraprotopanoan
firepowder	fire powder			§125_oliveiraprotopanoan
todrivefrombehind	to drive from behind			§126_oliveiraprotopanoan
speciesofant	species of ant			§233_oliveiraprotopanoan
classofant	class of ant			§143_oliveiraprotopanoan
urinetourinate	urine, to urinate			§144_oliveiraprotopanoan
speciesoftreeanditsfruit	species of tree and it's fruit			§145_oliveiraprotopanoan
treestick	tree, stick			§146_oliveiraprotopanoan
edgelips	edge, lips			§148_oliveiraprotopanoan
typeofbank	type of bank			§152_oliveiraprotopanoan
todesigntopaint	to design, to paint			§153_oliveiraprotopanoan
tostringtogether	to string together			§156_oliveiraprotopanoan
speciesofarara	species of arara			§166_oliveiraprotopanoan
typeofbasket	type of basket			§448_oliveiraprotopanoan
speciesofsnake	species of snake			§165_oliveiraprotopanoan
backbodypartprefix	back (body-part prefix)			§175_oliveiraprotopanoan
bowlplate	bowl, plate			§177_oliveiraprotopanoan
typeofpot	type of pot			§181_oliveiraprotopanoan
locativeablativesuffix	locative ablative suffix			§183_oliveiraprotopanoan
smoke	smoke			§186_oliveiraprotopanoan
ingestsoftfood	ingest soft food			§192_oliveiraprotopanoan
speciesoffunghi	species of funghi			§195_oliveiraprotopanoan
value	value			§197_oliveiraprotopanoan
cujubim	cujubim			§200_oliveiraprotopanoan
verbalcausativesuffix	verbal causative suffix			§201_oliveiraprotopanoan
earth	earth			§207_oliveiraprotopanoan
onearth	on earth			§208_oliveiraprotopanoan
piranha	piranha			§212_oliveiraprotopanoan, 64_girardprotopanotakanan
speciesofplant	species of plant			§385_oliveiraprotopanoan
claydust	clay, dust			§221_oliveiraprotopanoan
speciesofgourd	species of gourd			§401_oliveiraprotopanoan
atoppeak	atop, peak			§228_oliveiraprotopanoan
tohitoneshead	to hit (one's) head			§231_oliveiraprotopanoan
towetwet	to wet, wet			§236_oliveiraprotopanoan
claypit	clay pit			§244_oliveiraprotopanoan
pamonha	pamonha			§247_oliveiraprotopanoan
poisonbitter	poison, bitter			§249_oliveiraprotopanoan
speciesofmonkey	species of monkey			§472_oliveiraprotopanoan
speciesofmosquito	species of mosquito			§254_oliveiraprotopanoan
toputinsidetodive	to put inside, to dive			§260_oliveiraprotopanoan
foreigner	foreigner			§265_oliveiraprotopanoan
abandonedfield	abandoned field			§267_oliveiraprotopanoan
jacamimspeciesofbord	jacamim (species of bord)			§268_oliveiraprotopanoan
breeze	breeze			§275_oliveiraprotopanoan
centipedescorpion	centipede, scorpion			§276_oliveiraprotopanoan
unclear	unclear			§280_oliveiraprotopanoan
togetbored	to get bored			§281_oliveiraprotopanoan
speciesofsnail	species of snail			§287_oliveiraprotopanoan
speciesofpig	species of pig			§304_oliveiraprotopanoan
togetdrunkdrunk	to get drunk, drunk			§308_oliveiraprotopanoan
speciesofbamboo	species of bamboo			§311_oliveiraprotopanoan
speciesofarmadillo	species of armadillo			§499_oliveiraprotopanoan
newfreshraw	new, fresh, raw			§320_oliveiraprotopanoan
wingfeather	wing, feather			§325_oliveiraprotopanoan
speciesoftucan	species of tucan			§331_oliveiraprotopanoan
smallbag	small bag			§334_oliveiraprotopanoan
speciesoftubercole	species of tubercole			§339_oliveiraprotopanoan
siblingoftheothersex	sibling of the other sex			§340_oliveiraprotopanoan
intestinesbelly	intestines, belly			§341_oliveiraprotopanoan
speciesofowl	species of owl			§343_oliveiraprotopanoan
speciesofsloth	species of sloth			§344_oliveiraprotopanoan
toplaytoabandon	to play, to abandon			§346_oliveiraprotopanoan
infrontofabovetheriver	in front of, above the river			§362_oliveiraprotopanoan
nasalseptum	nasal septum			§365_oliveiraprotopanoan
musicinstrument	music instrument			§367_oliveiraprotopanoan
threadrope	thread, rope			§370_oliveiraprotopanoan
tolifttosuspend	to lift, to suspend			§377_oliveiraprotopanoan
chestbodypartprefix	chest (body-part prefix)			§384_oliveiraprotopanoan
speciesofspider	species of spider			§386_oliveiraprotopanoan
piumspeciesoffly	pium (species of fly)			§389_oliveiraprotopanoan
saguimonkey	sagui monkey			§390_oliveiraprotopanoan
clarity	clarity			§391_oliveiraprotopanoan
barkoftreeskin	bark of tree, skin			§395_oliveiraprotopanoan
sisterinlawwifecrosscousin	sister-in-law, wife, cross-cousin			§397_oliveiraprotopanoan
speciesofmacaw	species of macaw			§402_oliveiraprotopanoan
tothreshthecorn	to thresh the corn			§406_oliveiraprotopanoan
speciesoflizard	species of lizard			§408_oliveiraprotopanoan
speciesofcaterpillar	species of caterpillar			§410_oliveiraprotopanoan
toothbeakofbird	tooth, beak of bird			§414_oliveiraprotopanoan
benefactive	benefactive			§418_oliveiraprotopanoan
transitiveconcordancesuffix	transitive concordance suffix			§419_oliveiraprotopanoan
speciesoflargetucan	species of large tucan			§426_oliveiraprotopanoan
topeeloneselftochangeskin	to peel oneself, to change skin			§428_oliveiraprotopanoan
papaya	papaya			§431_oliveiraprotopanoan
tapiritemporaryhome	tapiri, temporary home			§437_oliveiraprotopanoan
oldstickrottenstick	old stick, rotten stick			§445_oliveiraprotopanoan
branchesthathangintotheriver	branches that hang into the river			§450_oliveiraprotopanoan
bamboousedformakingarrows	bamboo used for making arrows			§451_oliveiraprotopanoan
speciesofhawk	species of hawk			§456_oliveiraprotopanoan
nominalizerforinstruments	nominalizer for instruments			§458_oliveiraprotopanoan
colander	colander			§461_oliveiraprotopanoan
toimpregnatetogivebirth	to impregnate, to give birth			§462_oliveiraprotopanoan
darkblue	dark blue			§464_oliveiraprotopanoan
waterriver	water, river			§468_oliveiraprotopanoan
speciesofpumpkin	species of pumpkin			§471_oliveiraprotopanoan
verbalimperativesuffix	verbal imperative suffix			§477_oliveiraprotopanoan
igarape	igarapé			§478_oliveiraprotopanoan
bordunawalkingstick	borduna, walking stick			§485_oliveiraprotopanoan
negativesuffix	negative suffix			§493_oliveiraprotopanoan, 9_girardprototakanan, 61_girardprotopanotakanan
darknight	dark, night			§494_oliveiraprotopanoan
heathot	heat, hot			§502_oliveiraprotopanoan
tohavefevertoheatupreflexive	to have fever, to heat up (reflexive)			§502a_oliveiraprotopanoan
speciesofpepper	species of pepper			§504_oliveiraprotopanoan
threadlinerope	thread, line, rope			§507_oliveiraprotopanoan
peoplehumanbody	people, human body			§509_oliveiraprotopanoan
womanoldwoman	woman, old woman			§512_oliveiraprotopanoan
quedarsetenerestar	quedarse,tener,estar			1_girardprototakanan
transitivizingsuffix	transitivizing suffix			2_girardprototakanan
simpleinterrogante	simple interrogante			3_girardprototakanan
conque	con qué?			3_girardprototakanan
paraque	para qué?			3_girardprototakanan
dequien	de quién			3_girardprototakanan
interrogacion	interrogación			3_girardprototakanan
chontaloro	chontaloro			7_girardprototakanan
motacucillo	motacucillo			10_girardprototakanan
palosanto	palo santo			13_girardprototakanan
gualusa	gualusa			15_girardprototakanan
creceragrandar	crecer,agrandar			17_girardprototakanan
ajoajo	ajoajo			32_girardprototakanan
cedro	cedro			34_girardprototakanan
desidia	desidia			38_girardprototakanan
jochipintado	jochi pintado			42_girardprototakanan
caricari	caricari			46_girardprototakanan
acomodar	acomodar			49_girardprototakanan
tostar	tostar			51_girardprototakanan
ventear	ventear			52_girardprototakanan
tambien	también			55_girardprototakanan
rioarriba	río arriba			55_girardprototakanan
buitrenegro	buitre negro			56_girardprototakanan
garrapata	garrapata			58_girardprototakanan
escarbar	escarbar			59_girardprototakanan
osohormigueroosoperezoso	oso hormiguero,oso perezoso			62_girardprototakanan
palmareal	palma real			64_girardprototakanan
cuquisa	cuquisa			66_girardprototakanan
avispopeto	avispo,peto			70_girardprototakanan
marimono	marimono			74_girardprototakanan
melero	melero			80_girardprototakanan
tucandera	tucandera			81_girardprototakanan
risueno	risueño			84_girardprototakanan
pusmateria	pus,materia			86_girardprototakanan
floracion	floración			88_girardprototakanan
mojar	mojar			89_girardprototakanan
necesito	necesito			92_girardprototakanan
puntadeflechahechadetacuararaspada	punta de flecha hecha de tacuara raspada			95_girardprototakanan
dualsuffix	dual suffix			99_girardprototakanan
fuerteagrio	fuerte,agrio			101_girardprototakanan
puertaafuera	puerta,afuera			103_girardprototakanan
atorar	atorar			108_girardprototakanan
diafiesta	día,fiesta			109_girardprototakanan
marihui	marihuí			113_girardprototakanan, 95_girardprotopanotakanan
excusar	excusar			114_girardprototakanan
borogusano	boro,gusano			116_girardprototakanan
cuandoharto	cuando,harto			121_girardprototakanan
aro	aro			123_girardprototakanan
adjectivizingsuffix	adjectivizing suffix			127_girardprototakanan
tabano	tábano			130_girardprototakanan
tortugapeta	tortuga,peta			132_girardprototakanan
mononocturno	mono nocturno			136_girardprototakanan
entrarcentro	entrar,centro			140_girardprototakanan
brujodios	brujo,dios			143_girardprototakanan
molertocar	moler,tocar			144_girardprototakanan
monomanechi	mono manechi			148_girardprototakanan
absolutiveprefix	absolutive prefix			149_girardprototakanan
raya	raya			153_girardprototakanan
carino	cariño			157_girardprototakanan
diablozorro	diablo,zorro			158_girardprototakanan
hojapelopluma	hoja,pelo,pluma			165_girardprototakanan
japutamu	japutamu			167_girardprototakanan
urupecedazo	urupé (cedazo)			169_girardprototakanan
nuevoahora	nuevo,ahora			176_girardprototakanan
bofe	bofe			179_girardprototakanan
tareche	tareche			187_girardprototakanan
derivativesuffixwithreferencetobodyparts	derivative suffix with reference to body parts			198_girardprototakanan
chaquilloarbol	chaquillo (árbol)			200_girardprototakanan
zumaquiarbol	zumaqui (árbol)			200_girardprototakanan
costillodecasa	costillo de casa			201_girardprototakanan
rollup	roll up			202_girardprototakanan
nadamas	nada más			204_girardprototakanan
paraba	paraba			208_girardprototakanan
agentnominalizersuffix	agent nominalizer suffix			209_girardprototakanan
hoydiaahora	hoy día,ahora			211_girardprototakanan
sacarcomprar	sacar,comprar			213_girardprototakanan
zapayojoco	zapayo,joco			214_girardprototakanan
haz	haz			215_girardprototakanan
pastparticiple	past participle			217_girardprototakanan
pachiubapalmera	pachiuba (palmera)			219_girardprototakanan
campanillowildturkey	campanillo (wild turkey)			221_girardprototakanan
bejuco	bejuco			223_girardprototakanan
tigrecillo	tigrecillo			225_girardprototakanan
canoso	canoso			226_girardprototakanan
pluralsuffixnounandpronoun	plural suffix, noun and pronoun			234_girardprototakanan
jefejuez	jefe,juez			235_girardprototakanan
asomar	asomar			238_girardprototakanan
imperativesuffix	imperative suffix			240_girardprototakanan, 43_girardprotopanotakanan
possessiveaffix	possessive affix			241_girardprototakanan
tumbar	tumbar			245_girardprototakanan
pintado	pintado			247_girardprototakanan
quiabo	quiabó			249_girardprototakanan
cuidar	cuidar			252_girardprototakanan
negativeprivativesuffix	negative/privative suffix			257_girardprototakanan
jochicolorado	jochi colorado			260_girardprototakanan
martinpescadorave	martin pescador (ave)			261_girardprototakanan
bibosiarbol	bibosi (árbol)			263_girardprototakanan
guerraenemigo	guerra,enemigo			265_girardprototakanan
orillabanda	orilla,banda			266_girardprototakanan
palometapez	palometa (pez)			267_girardprototakanan
sayamajo	saya,majo			268_girardprototakanan
majillopalmera	majillo (palmera)			268_girardprototakanan
arboldesiringa	árbol de siringa			271_girardprototakanan
llevarcargarabrazar	llevar,cargar,abrazar			273_girardprototakanan
brujahechicero	bruja,hechicero			276_girardprototakanan
caituhilohechoencasa	caitu (hilo hecho en casa)			277_girardprototakanan
lagartocaiman	lagarto,caiman			279_girardprototakanan
muchomalodificil	mucho,malo,difícil			280_girardprototakanan
gredabarrocoloradopiedra	greda,barro colorado,piedra			281_girardprototakanan
tierraarena	tierra,arena			281_girardprototakanan
adjectivesuffix	adjective suffix			283_girardprototakanan
vaciar	vaciar			286_girardprototakanan
causativesuffix	causative suffix			289_girardprototakanan
mananaayer	mañana,ayer			290_girardprototakanan
celar	celar			291_girardprototakanan
palabrahablarcantar	palabra,hablar,cantar			293_girardprototakanan
pancho	pancho			295_girardprototakanan
arrancardesplumar	arrancar,desplumar			296_girardprototakanan
tacuaraflauta	tacuara,flauta			297_girardprototakanan
gorgojo	gorgojo			302_girardprototakanan
almendro	almendro			304_girardprototakanan
agualluviario	agua,lluvia,río			305_girardprototakanan
completivesuffix	completive suffix			309_girardprototakanan
tiernochico	tierno,chico			310_girardprototakanan
platanopacay	plátano,pacay			311_girardprototakanan
turiro	turiro			312_girardprototakanan
defendertenermezquindad	defender,tener mezquindad			313_girardprototakanan
pararpararse	parar,pararse			317_girardprototakanan
animaespiritucorazon	anima,espíritu,corazón			318_girardprototakanan
geniocaracterconciencia	genio,carácter,conciencia			318_girardprototakanan
meterentrar	meter,entrar			321_girardprototakanan
pastopaja	pasto,paja			322_girardprototakanan
arbolconfrutoquesecomen	árbol con fruto que se comen			323_girardprototakanan
sedice	se dice			329_girardprototakanan
augmentativesuffix	augmentative suffix			330_girardprototakanan, 81_girardprotopanotakanan
carpir	carpir			334_girardprototakanan
tuertogris	tuerto,gris			336_girardprototakanan
unladojuntoanteadelante	un lado,junto,ante,adelante			339_girardprototakanan
cayapobalsa	cayapo,balsa			341_girardprototakanan
desenganchar	desenganchar			343_girardprototakanan
pasaratravesar	pasar,atravesar			344_girardprototakanan
ligoso	ligoso			347_girardprototakanan
decirhacer	decir,hacer			354_girardprototakanan
venirllegar	venir,llegar			354_girardprototakanan
reventar	reventar			355_girardprototakanan
nominalizingagentivesuffix	nominalizing agentive suffix			357_girardprototakanan
curucusiluciernaga	curucusí,luciérnaga			360_girardprototakanan
transivitizingandinstrumentalsuffixmainlypronominal	transivitizing (and instrumental) suffix, mainly pronominal			361_girardprototakanan
esteaqui	este,aquí			363_girardprototakanan
cortarquebrar	cortar,quebrar			364_girardprototakanan
juntaramontonaracarrear	juntar,amontonar,acarrear			365_girardprototakanan
chapapearabochornar	chapapear,abochornar			366_girardprototakanan
pascana	pascana			370_girardprototakanan
zurcirfrunzar	zurcir,frunzar			372_girardprototakanan
possessivesuffix	possessive suffix			375_girardprototakanan
fuerteacidoagrio	fuerte,ácido,agrio			380_girardprototakanan
gallinazosucha	gallinazo,sucha			381_girardprototakanan
venanerviotendon	vena,nervio,tendón			382_girardprototakanan
sarna	sarna			383_girardprototakanan
maduraramarillo	madurar,amarillo			384_girardprototakanan
chichilo	chichilo			385_girardprototakanan
venirandartirar	venir,andar,tirar			386_girardprototakanan
yacamiave	yacamí (ave)			388_girardprototakanan
resbalosoresbalar	resbaloso,resbalar			389_girardprototakanan
cortarserruchar	cortar,serruchar			391_girardprototakanan
calientecocinar	caliente,cocinar			392_girardprototakanan
monosilbador	mono silbador			394_girardprototakanan
locativesuffix	locative suffix			395_girardprototakanan
juntosambos	juntos,ambos			399_girardprototakanan
picotada	picotada			400_girardprototakanan
durofuerte	duro,fuerte			401_girardprototakanan
hormigacazadora	hormiga cazadora			405_girardprototakanan
calabaceragrandeinsecto	calabacera grande (insecto)			407_girardprototakanan
remarbatir	remar,batir			408_girardprototakanan
clavararreglar	clavar,arreglar			409_girardprototakanan
matarcazar	matar,cazar			414_girardprototakanan
jacuu	jacuú			415_girardprototakanan
chaco	chaco			418_girardprototakanan
troncopierna	tronco,pierna			420_girardprototakanan
piernafalda	pierna,falda			420_girardprototakanan
piernamuslo	pierna,muslo			420_girardprototakanan
atrasdespues	atrás,después			421_girardprototakanan
reflexivesuffix	reflexive suffix			422_girardprototakanan
tronar	tronar			428_girardprototakanan
quejido	quejido			429_girardprototakanan
pisararanar	pisar,arañar			430_girardprototakanan
3rapersona	3ra persona			431_girardprototakanan
cortartrozar	cortar,trozar			434_girardprototakanan
motacu	motacú			437_girardprototakanan
asi	así			442_girardprototakanan
marfilpalmera	marfil (palmera)			447_girardprototakanan
sardina	sardina			449_girardprototakanan
chancodetropa	chanco de tropa			453_girardprototakanan
sabanon	sabañon			455_girardprototakanan
abejo	abejo			462_girardprototakanan
palizado	palizado			464_girardprototakanan
huaracachiave	huaracachi (ave)			465_girardprototakanan
toco	toco			466_girardprototakanan
abejamiel	abeja,miel			468_girardprototakanan
desnudarsacardestejar	desnudar,sacar,destejar			474_girardprototakanan
perdizchica	perdiz chica			478_girardprototakanan
espigacogollo	espiga,cogollo			481_girardprototakanan
colorear	colorear			482_girardprototakanan
plantarclavar	plantar,clavar			483_girardprototakanan
banda	banda			485_girardprototakanan
pasttense	past tense			488_girardprototakanan
cernerpunzar	cerner,punzar			490_girardprototakanan
sancochar	sancochar			491_girardprototakanan
prender	prender			493_girardprototakanan
barrigaintestinos	barriga,intestinos			497_girardprototakanan
ensartarcosturar	ensartar,costurar			503_girardprototakanan
izquierdozurdo	izquierdo,zurdo			182_girardprototakanan
desiderative	desiderative			197_girardprototakanan
leaftofan	leaf,to fan			
moonsun	moon, sun			
lipedge	lip,edge			
1stsgi	1st sg 'i'			
2ndsgyou	2nd sg 'you'			
demonstrative	demonstrative			14_girardprotopanotakanan
demonstrativeproximate	demonstrative proximate			
genitive	genitive			
imperative	imperative			
goingdowndownward	going down,downward			
docoming	do coming			
causative	causative			
augmentative	augmentative			
dotrauxiliarytr	do (tr.),auxiliary (tr.)			
transitivizer	transitivizer			
detransitivizerreflexive	detransitivizer,reflexive			
ergative	ergative			
previouseventsamesubject	previous event, same-subject			
comitativealongwith	comitative,along with			
transsuffix	trans. suffix			1_girardprotopanotakanan
largeend	large end			31_girardprotopanotakanan
goacross	go across			32_girardprotopanotakanan
pronominalpossessivesuffix	pronominal possessive suffix			44_girardprotopanotakanan
desiderativesuffix	desiderative suffix			53_girardprotopanotakanan
wildturkeysp	wild turkey sp.			57_girardprotopanotakanan
siblingofoppositesex	sibling of opposite sex			88_girardprotopanotakanan
general3rdpersonsgandplpronoun	general 3rd person (sg. and pl.) pronoun			110_girardprotopanotakanan
